feature,psi,missing_rate_new,mean_diff
credit_history_length,0.000995058457797276,0.0,
dti,0.0018895932423527893,0.000419903422212891,
fico_mid,0.26255812825075847,0.0,
installment_to_income,0.0018428259230046777,0.000419903422212891,
int_rate,0.02717166868521386,0.0,
log_annual_inc,0.2132414985238716,0.000419903422212891,
log_loan_amnt,0.05767552011703467,0.0,
